[
 {
   "Name": "All Bran",
   "Brand": "Kellogg",
   "Energy": 80,
   "Protein": 4.07,
   "ProteinPercent": 24,
   "Fat": 1.52,
   "FatPercent": 7,
   "Carbohydrate": 23.01,
   "CarbPercent": 22,
   "Fiber": 9.1,
   "FiberPercent": 91,
   "Sugar": 4.86,
   "SugPercent": 16,
   "Calcium": 121,
   "CalPercent": 24,
   "Vitamin AD": 595,
   "VitPercent": 54
 },
 {
   "Name": "Special K",
   "Brand": "Kellogg",
   "Energy": 117,
   "Protein": 5.51,
   "ProteinPercent": 32,
   "Fat": 0.55,
   "FatPercent": 2,
   "Carbohydrate": 22.75,
   "CarbPercent": 22,
   "Fiber": 0.4,
   "FiberPercent": 4,
   "Sugar": 3.93,
   "SugPercent": 13,
   "Calcium": 7,
   "CalPercent": 1,
   "Vitamin AD": 559,
   "VitPercent": 51
 },
 {
   "Name": "Raisin Barn",
   "Brand": "Kellogg",
   "Energy": 188,
   "Protein": 4.55,
   "ProteinPercent": 27,
   "Fat": 1.6,
   "FatPercent": 7,
   "Carbohydrate": 45.6,
   "CarbPercent": 44,
   "Fiber": 6.7,
   "FiberPercent": 67,
   "Sugar": 18.47,
   "SugPercent": 62,
   "Calcium": 25,
   "CalPercent": 5,
   "Vitamin AD": 852,
   "VitPercent": 77
 },
 {
   "Name": "Corn Pops",
   "Brand": "Kellogg",
   "Energy": 116,
   "Protein": 1.44,
   "ProteinPercent": 8,
   "Fat": 0.39,
   "FatPercent": 2,
   "Carbohydrate": 26.91,
   "CarbPercent": 26,
   "Fiber": 2.5,
   "FiberPercent": 25,
   "Sugar": 9.39,
   "SugPercent": 31,
   "Calcium": 2,
   "CalPercent": 0,
   "Vitamin AD": 540,
   "VitPercent": 49
 },
 {
   "Name": "Corn Flaks",
   "Brand": "Kellogg",
   "Energy": 100,
   "Protein": 2.1,
   "ProteinPercent": 12,
   "Fat": 0.11,
   "FatPercent": 0,
   "Carbohydrate": 23.55,
   "CarbPercent": 23,
   "Fiber": 0.9,
   "FiberPercent": 9,
   "Sugar": 2.66,
   "SugPercent": 9,
   "Calcium": 1,
   "CalPercent": 0,
   "Vitamin AD": 540,
   "VitPercent": 49
 },
 {
   "Name": "Fruit Loop",
   "Brand": "Kellogg",
   "Energy": 109,
   "Protein": 1.54,
   "ProteinPercent": 9,
   "Fat": 0.99,
   "FatPercent": 4,
   "Carbohydrate": 25.52,
   "CarbPercent": 25,
   "Fiber": 2.7,
   "FiberPercent": 27,
   "Sugar": 12.09,
   "SugPercent": 40,
   "Calcium": 3,
   "CalPercent": 1,
   "Vitamin AD": 540,
   "VitPercent": 49
 },
 {
   "Name": "Frosted Flakes",
   "Brand": "Kellogg",
   "Energy": 155,
   "Protein": 1.66,
   "ProteinPercent": 10,
   "Fat": 0.71,
   "FatPercent": 3,
   "Carbohydrate": 37.46,
   "CarbPercent": 36,
   "Fiber": 0.9,
   "FiberPercent": 9,
   "Sugar": 14.88,
   "SugPercent": 50,
   "Calcium": 1,
   "CalPercent": 0,
   "Vitamin AD": 657,
   "VitPercent": 60
 },
 {
   "Name": "Apple Jack",
   "Brand": "Kellogg",
   "Energy": 105,
   "Protein": 1.43,
   "ProteinPercent": 8,
   "Fat": 0.95,
   "FatPercent": 4,
   "Carbohydrate": 24.7,
   "CarbPercent": 24,
   "Fiber": 2.6,
   "FiberPercent": 26,
   "Sugar": 12.24,
   "SugPercent": 41,
   "Calcium": 3,
   "CalPercent": 1,
   "Vitamin AD": 540,
   "VitPercent": 49
 },
 {
   "Name": "Cocoa Krispies",
   "Brand": "Kellogg",
   "Energy": 121,
   "Protein": 1.43,
   "ProteinPercent": 8,
   "Fat": 0.84,
   "FatPercent": 4,
   "Carbohydrate": 27.25,
   "CarbPercent": 26,
   "Fiber": 0.4,
   "FiberPercent": 4,
   "Sugar": 11.97,
   "SugPercent": 40,
   "Calcium": 39,
   "CalPercent": 8,
   "Vitamin AD": 1310,
   "VitPercent": 119
 },
 {
   "Name": "Rice Krispies",
   "Brand": "Kellogg",
   "Energy": 110,
   "Protein": 1.96,
   "ProteinPercent": 12,
   "Fat": 0.59,
   "FatPercent": 3,
   "Carbohydrate": 24.66,
   "CarbPercent": 24,
   "Fiber": 0.1,
   "FiberPercent": 1,
   "Sugar": 2.86,
   "SugPercent": 10,
   "Calcium": 1,
   "CalPercent": 0,
   "Vitamin AD": 1171,
   "VitPercent": 106
 },
 {
   "Name": "Cheerios",
   "Brand": "GeneralMill",
   "Energy": 105,
   "Protein": 3.39,
   "ProteinPercent": 20,
   "Fat": 1.88,
   "FatPercent": 8,
   "Carbohydrate": 20.5,
   "CarbPercent": 20,
   "Fiber": 2.6,
   "FiberPercent": 26,
   "Sugar": 1.22,
   "SugPercent": 4,
   "Calcium": 112,
   "CalPercent": 22,
   "Vitamin AD": 962,
   "VitPercent": 87
 },
 {
   "Name": "Chocolate Chex",
   "Brand": "GeneralMill",
   "Energy": 132,
   "Protein": 1.54,
   "ProteinPercent": 9,
   "Fat": 2.68,
   "FatPercent": 12,
   "Carbohydrate": 25.95,
   "CarbPercent": 25,
   "Fiber": 0.6,
   "FiberPercent": 6,
   "Sugar": 8.38,
   "SugPercent": 28,
   "Calcium": 92,
   "CalPercent": 18,
   "Vitamin AD": 493,
   "VitPercent": 45
 },
 {
   "Name": "Corn Chex",
   "Brand": "GeneralMill",
   "Energy": 115,
   "Protein": 1.98,
   "ProteinPercent": 12,
   "Fat": 0.74,
   "FatPercent": 3,
   "Carbohydrate": 26.35,
   "CarbPercent": 26,
   "Fiber": 1.5,
   "FiberPercent": 15,
   "Sugar": 3.44,
   "SugPercent": 11,
   "Calcium": 100,
   "CalPercent": 20,
   "Vitamin AD": 540,
   "VitPercent": 49
 },
 {
   "Name": "Fiber One Honey",
   "Brand": "GeneralMill",
   "Energy": 168,
   "Protein": 4,
   "ProteinPercent": 24,
   "Fat": 1.35,
   "FatPercent": 6,
   "Carbohydrate": 43.63,
   "CarbPercent": 42,
   "Fiber": 9.9,
   "FiberPercent": 99,
   "Sugar": 9.25,
   "SugPercent": 31,
   "Calcium": 100,
   "CalPercent": 20,
   "Vitamin AD": 0,
   "VitPercent": 0
 },
 {
   "Name": "Reese's Puff",
   "Brand": "GeneralMill",
   "Energy": 120,
   "Protein": 1.97,
   "ProteinPercent": 12,
   "Fat": 3.22,
   "FatPercent": 14,
   "Carbohydrate": 21.92,
   "CarbPercent": 21,
   "Fiber": 1.4,
   "FiberPercent": 14,
   "Sugar": 10.24,
   "SugPercent": 34,
   "Calcium": 100,
   "CalPercent": 20,
   "Vitamin AD": 540,
   "VitPercent": 49
 },
 {
   "Name": "Coca Puff",
   "Brand": "GeneralMill",
   "Energy": 103,
   "Protein": 1.51,
   "ProteinPercent": 9,
   "Fat": 1.4,
   "FatPercent": 6,
   "Carbohydrate": 22.6,
   "CarbPercent": 22,
   "Fiber": 1.5,
   "FiberPercent": 15,
   "Sugar": 10.04,
   "SugPercent": 33,
   "Calcium": 100,
   "CalPercent": 20,
   "Vitamin AD": 540,
   "VitPercent": 49
 },
 {
   "Name": "Lucky Charm",
   "Brand": "GeneralMill",
   "Energy": 103,
   "Protein": 2.07,
   "ProteinPercent": 12,
   "Fat": 1.36,
   "FatPercent": 6,
   "Carbohydrate": 21.84,
   "CarbPercent": 21,
   "Fiber": 1.4,
   "FiberPercent": 14,
   "Sugar": 9.76,
   "SugPercent": 33,
   "Calcium": 117,
   "CalPercent": 23,
   "Vitamin AD": 804,
   "VitPercent": 73
 },
 {
   "Name": "Boo Berry",
   "Brand": "GeneralMill",
   "Energy": 127,
   "Protein": 1.81,
   "ProteinPercent": 11,
   "Fat": 1.42,
   "FatPercent": 6,
   "Carbohydrate": 28.18,
   "CarbPercent": 27,
   "Fiber": 1.4,
   "FiberPercent": 14,
   "Sugar": 9.01,
   "SugPercent": 30,
   "Calcium": 100,
   "CalPercent": 20,
   "Vitamin AD": 540,
   "VitPercent": 49
 },
 {
   "Name": "Trix",
   "Brand": "GeneralMill",
   "Energy": 123,
   "Protein": 1.57,
   "ProteinPercent": 9,
   "Fat": 1.21,
   "FatPercent": 5,
   "Carbohydrate": 27.58,
   "CarbPercent": 27,
   "Fiber": 1.2,
   "FiberPercent": 12,
   "Sugar": 10.24,
   "SugPercent": 34,
   "Calcium": 100,
   "CalPercent": 20,
   "Vitamin AD": 790,
   "VitPercent": 72
 },
 {
   "Name": "Cookie Crisp",
   "Brand": "GeneralMill",
   "Energy": 99,
   "Protein": 1.35,
   "ProteinPercent": 8,
   "Fat": 1.14,
   "FatPercent": 5,
   "Carbohydrate": 21.97,
   "CarbPercent": 21,
   "Fiber": 1.3,
   "FiberPercent": 13,
   "Sugar": 9.05,
   "SugPercent": 30,
   "Calcium": 100,
   "CalPercent": 20,
   "Vitamin AD": 540,
   "VitPercent": 49
 },
 {
   "Name": "Blueberry Morning",
   "Brand": "POST",
   "Energy": 217,
   "Protein": 3.58,
   "ProteinPercent": 21,
   "Fat": 2.92,
   "FatPercent": 13,
   "Carbohydrate": 44.88,
   "CarbPercent": 44,
   "Fiber": 2.6,
   "FiberPercent": 26,
   "Sugar": 16.06,
   "SugPercent": 54,
   "Calcium": 23,
   "CalPercent": 5,
   "Vitamin AD": 790,
   "VitPercent": 72
 },
 {
   "Name": "Crunchy Pecan",
   "Brand": "POST",
   "Energy": 210,
   "Protein": 4.68,
   "ProteinPercent": 28,
   "Fat": 5.46,
   "FatPercent": 24,
   "Carbohydrate": 37.96,
   "CarbPercent": 37,
   "Fiber": 5,
   "FiberPercent": 50,
   "Sugar": 8.01,
   "SugPercent": 27,
   "Calcium": 20,
   "CalPercent": 4,
   "Vitamin AD": 790,
   "VitPercent": 72
 },
 {
   "Name": "Honeycomb",
   "Brand": "POST",
   "Energy": 126,
   "Protein": 1.92,
   "ProteinPercent": 11,
   "Fat": 0.94,
   "FatPercent": 4,
   "Carbohydrate": 27.72,
   "CarbPercent": 27,
   "Fiber": 1,
   "FiberPercent": 10,
   "Sugar": 10.08,
   "SugPercent": 34,
   "Calcium": 4,
   "CalPercent": 1,
   "Vitamin AD": 850,
   "VitPercent": 77
 },
 {
   "Name": "Raisin Barn",
   "Brand": "POST",
   "Energy": 191,
   "Protein": 4.48,
   "ProteinPercent": 26,
   "Fat": 0.94,
   "FatPercent": 4,
   "Carbohydrate": 46.55,
   "CarbPercent": 45,
   "Fiber": 8.1,
   "FiberPercent": 81,
   "Sugar": 19.41,
   "SugPercent": 65,
   "Calcium": 26,
   "CalPercent": 5,
   "Vitamin AD": 790,
   "VitPercent": 72
 },
 {
   "Name": "Shredded Wheat, big biscuit",
   "Brand": "POST",
   "Energy": 158,
   "Protein": 5.34,
   "ProteinPercent": 31,
   "Fat": 0.94,
   "FatPercent": 4,
   "Carbohydrate": 37.11,
   "CarbPercent": 36,
   "Fiber": 5.8,
   "FiberPercent": 58,
   "Sugar": 0.44,
   "SugPercent": 1,
   "Calcium": 26,
   "CalPercent": 5,
   "Vitamin AD": 0,
   "VitPercent": 0
 },
 {
   "Name": "Barn Flakes",
   "Brand": "POST",
   "Energy": 98,
   "Protein": 2.97,
   "ProteinPercent": 17,
   "Fat": 0.63,
   "FatPercent": 3,
   "Carbohydrate": 24.15,
   "CarbPercent": 23,
   "Fiber": 5.5,
   "FiberPercent": 55,
   "Sugar": 5.58,
   "SugPercent": 19,
   "Calcium": 13,
   "CalPercent": 3,
   "Vitamin AD": 790,
   "VitPercent": 72
 },
 {
   "Name": "Waffle Crisp",
   "Brand": "POST",
   "Energy": 117,
   "Protein": 1.98,
   "ProteinPercent": 12,
   "Fat": 1.5,
   "FatPercent": 7,
   "Carbohydrate": 24.9,
   "CarbPercent": 24,
   "Fiber": 1.3,
   "FiberPercent": 13,
   "Sugar": 10.41,
   "SugPercent": 35,
   "Calcium": 7,
   "CalPercent": 1,
   "Vitamin AD": 790,
   "VitPercent": 72
 },
 {
   "Name": "Alpha Bits",
   "Brand": "POST",
   "Energy": 117,
   "Protein": 3,
   "ProteinPercent": 18,
   "Fat": 1.38,
   "FatPercent": 6,
   "Carbohydrate": 24.09,
   "CarbPercent": 23,
   "Fiber": 2.1,
   "FiberPercent": 21,
   "Sugar": 6.3,
   "SugPercent": 21,
   "Calcium": 10,
   "CalPercent": 2,
   "Vitamin AD": 830,
   "VitPercent": 75
 },
 {
   "Name": "Golden Crisp",
   "Brand": "POST",
   "Energy": 103,
   "Protein": 1.49,
   "ProteinPercent": 9,
   "Fat": 0.46,
   "FatPercent": 2,
   "Carbohydrate": 24.33,
   "CarbPercent": 24,
   "Fiber": 1.4,
   "FiberPercent": 14,
   "Sugar": 14.47,
   "SugPercent": 48,
   "Calcium": 4,
   "CalPercent": 1,
   "Vitamin AD": 830,
   "VitPercent": 75
 },
 {
   "Name": "Coca Pebbles",
   "Brand": "POST",
   "Energy": 115,
   "Protein": 1.39,
   "ProteinPercent": 8,
   "Fat": 1.19,
   "FatPercent": 5,
   "Carbohydrate": 24.85,
   "CarbPercent": 24,
   "Fiber": 0.5,
   "FiberPercent": 5,
   "Sugar": 10.38,
   "SugPercent": 35,
   "Calcium": 6,
   "CalPercent": 1,
   "Vitamin AD": 830,
   "VitPercent": 75
 }
]