[
 {
   "Type": "2Percentmilk",
   "Calcium": 293,
   "CalciumPer": 59,
   "Protein": 8.05,
   "ProteinPer": 47,
   "Fat": 4.83,
   "FatPer": 21,
   "Vitamin": 584,
   "VitaminPer": 53,
   "Sugar": 12.35,
   "SugarPer": 41,
   "Energy": 50,
   "EnergyPer": 8
 },
 {
   "Type": "Almond",
   "Calcium": 451,
   "CalciumPer": 90,
   "Protein": 1.01,
   "ProteinPer": 6,
   "Fat": 2.5,
   "FatPer": 11,
   "Vitamin": 600,
   "VitaminPer": 55,
   "Sugar": 15,
   "SugarPer": 50,
   "Energy": 91,
   "EnergyPer": 15
 },
 {
   "Type": "NonFat",
   "Calcium": 299,
   "CalciumPer": 60,
   "Protein": 8.26,
   "ProteinPer": 49,
   "Fat": 0.2,
   "FatPer": 1,
   "Vitamin": 615,
   "VitaminPer": 56,
   "Sugar": 12.47,
   "SugarPer": 42,
   "Energy": 83,
   "EnergyPer": 14
 },
 {
   "Type": "SoyMilk",
   "Calcium": 301,
   "CalciumPer": 60,
   "Protein": 6.95,
   "ProteinPer": 41,
   "Fat": 3.91,
   "FatPer": 17,
   "Vitamin": 622,
   "VitaminPer": 57,
   "Sugar": 1,
   "SugarPer": 3,
   "Energy": 80,
   "EnergyPer": 13
 },
 {
   "Type": "WholeMilk",
   "Calcium": 276,
   "CalciumPer": 55,
   "Protein": 7.69,
   "ProteinPer": 45,
   "Fat": 7.93,
   "FatPer": 34,
   "Vitamin": 519,
   "VitaminPer": 47,
   "Sugar": 12.32,
   "SugarPer": 41,
   "Energy": 149,
   "EnergyPer": 25
 }
]